{"cameraMode":{"drawMode":0,"name":"Shaded","section":"Shading Mode"},"sceneLighting":false,"audioPlay":false,"sceneViewState":{"showFog":true,"showMaterialUpdate":false,"showSkybox":true,"showFlares":true,"showImageEffects":true,"showParticleSystems":true},"in2DMode":false,"pivot":{"x":24.852663040161134,"y":9.275751113891602,"z":-15.548738479614258},"rotation":{"x":0.2477981150150299,"y":-0.46618640422821047,"z":0.1376393884420395,"w":0.8380464315414429},"size":2.8578836917877199,"orthographic":false}