{"cameraMode":{"drawMode":0,"name":"Shaded","section":"Shading Mode"},"sceneLighting":false,"audioPlay":false,"sceneViewState":{"showFog":true,"showMaterialUpdate":false,"showSkybox":true,"showFlares":true,"showImageEffects":true,"showParticleSystems":true},"in2DMode":false,"pivot":{"x":8.942626953125,"y":12.314188003540039,"z":18.371444702148439},"rotation":{"x":-0.12780004739761353,"y":0.720820426940918,"z":-0.13812638819217683,"w":-0.6670877933502197},"size":2.8578836917877199,"orthographic":false}