{"cameraMode":{"drawMode":0,"name":"Shaded","section":"Shading Mode"},"sceneLighting":false,"audioPlay":false,"sceneViewState":{"showFog":true,"showMaterialUpdate":false,"showSkybox":true,"showFlares":true,"showImageEffects":true,"showParticleSystems":true},"in2DMode":false,"pivot":{"x":17.056547164916993,"y":0.9851102828979492,"z":-29.016271591186525},"rotation":{"x":-0.031969986855983737,"y":0.9568838477134705,"z":-0.11568236351013184,"w":-0.26451635360717776},"size":3.130030632019043,"orthographic":false}