{"cameraMode":{"drawMode":0,"name":"Shaded","section":"Shading Mode"},"sceneLighting":false,"audioPlay":false,"sceneViewState":{"showFog":true,"showMaterialUpdate":false,"showSkybox":true,"showFlares":true,"showImageEffects":true,"showParticleSystems":true},"in2DMode":false,"pivot":{"x":24.852663040161134,"y":9.275751113891602,"z":-15.548738479614258},"rotation":{"x":-0.16675961017608643,"y":-0.3801950216293335,"z":0.0698804259300232,"w":-0.907060980796814},"size":2.8578836917877199,"orthographic":false}