{"cameraMode":{"drawMode":0,"name":"Shaded","section":"Shading Mode"},"sceneLighting":false,"audioPlay":false,"sceneViewState":{"showFog":true,"showMaterialUpdate":false,"showSkybox":true,"showFlares":true,"showImageEffects":true,"showParticleSystems":true},"in2DMode":false,"pivot":{"x":16.921110153198243,"y":9.22421646118164,"z":-19.711166381835939},"rotation":{"x":-0.21130551397800446,"y":0.17110420763492585,"z":-0.037606652826070788,"w":-0.9615919589996338},"size":3.4294629096984865,"orthographic":false}