{"cameraMode":{"drawMode":0,"name":"Shaded","section":"Shading Mode"},"sceneLighting":true,"audioPlay":false,"sceneViewState":{"showFog":true,"showMaterialUpdate":false,"showSkybox":true,"showFlares":true,"showImageEffects":true,"showParticleSystems":true},"in2DMode":false,"pivot":{"x":5.445533752441406,"y":4.146005630493164,"z":5.750836372375488},"rotation":{"x":0.23884908854961396,"y":-0.6883364915847778,"z":0.25932949781417849,"w":0.6339496970176697},"size":44.25895690917969,"orthographic":false}