{"cameraMode":{"drawMode":0,"name":"Shaded","section":"Shading Mode"},"sceneLighting":true,"audioPlay":false,"sceneViewState":{"showFog":false,"showMaterialUpdate":false,"showSkybox":true,"showFlares":true,"showImageEffects":true,"showParticleSystems":true},"in2DMode":false,"pivot":{"x":2.1222476959228517,"y":50.89399337768555,"z":144.2611541748047},"rotation":{"x":-0.17180398106575013,"y":0.09288700670003891,"z":-0.01582147553563118,"w":-0.9806146621704102},"size":152.05755615234376,"orthographic":false}