{"cameraMode":{"drawMode":0,"name":"Shaded","section":"Shading Mode"},"sceneLighting":false,"audioPlay":false,"sceneViewState":{"showFog":true,"showMaterialUpdate":false,"showSkybox":true,"showFlares":true,"showImageEffects":true,"showParticleSystems":true},"in2DMode":false,"pivot":{"x":24.852663040161134,"y":9.275751113891602,"z":-15.548738479614258},"rotation":{"x":-0.042261287569999698,"y":-0.7397580146789551,"z":0.046666186302900317,"w":-0.6699212193489075},"size":3.6625993251800539,"orthographic":false}