{"cameraMode":{"drawMode":0,"name":"Shaded","section":"Shading Mode"},"sceneLighting":false,"audioPlay":false,"sceneViewState":{"showFog":true,"showMaterialUpdate":false,"showSkybox":true,"showFlares":true,"showImageEffects":true,"showParticleSystems":true},"in2DMode":false,"pivot":{"x":0.049555838108062747,"y":0.495730996131897,"z":0.3212643265724182},"rotation":{"x":0.21678844094276429,"y":-0.17781676352024079,"z":0.0401897132396698,"w":0.9590457677841187},"size":6.990373611450195,"orthographic":false}