{"cameraMode":{"drawMode":0,"name":"Shaded","section":"Shading Mode"},"sceneLighting":false,"audioPlay":false,"sceneViewState":{"showFog":true,"showMaterialUpdate":false,"showSkybox":true,"showFlares":true,"showImageEffects":true,"showParticleSystems":true},"in2DMode":false,"pivot":{"x":35.10908508300781,"y":4.1925578117370609,"z":-108.30435180664063},"rotation":{"x":0.1898549497127533,"y":-0.06180855631828308,"z":0.01197632122784853,"w":0.979791522026062},"size":3.412665605545044,"orthographic":true}