{"cameraMode":{"drawMode":0,"name":"Shaded","section":"Shading Mode"},"sceneLighting":false,"audioPlay":false,"sceneViewState":{"showFog":true,"showMaterialUpdate":false,"showSkybox":true,"showFlares":true,"showImageEffects":true,"showParticleSystems":true},"in2DMode":false,"pivot":{"x":-19.017684936523439,"y":1.47011137008667,"z":-67.39693450927735},"rotation":{"x":0.0736318975687027,"y":-0.9034356474876404,"z":0.17220543324947358,"w":0.38565245270729067},"size":13.501890182495118,"orthographic":false}