{"cameraMode":{"drawMode":0,"name":"Shaded","section":"Shading Mode"},"sceneLighting":false,"audioPlay":false,"sceneViewState":{"showFog":true,"showMaterialUpdate":false,"showSkybox":true,"showFlares":true,"showImageEffects":true,"showParticleSystems":true},"in2DMode":false,"pivot":{"x":-66.85443878173828,"y":11.803651809692383,"z":71.8757095336914},"rotation":{"x":0.12097205966711045,"y":0.06100768968462944,"z":-0.007448157295584679,"w":0.9907514452934265},"size":18.90534019470215,"orthographic":false}