{"cameraMode":{"drawMode":0,"name":"Shaded","section":"Shading Mode"},"sceneLighting":true,"audioPlay":false,"sceneViewState":{"showFog":false,"showMaterialUpdate":false,"showSkybox":true,"showFlares":true,"showImageEffects":true,"showParticleSystems":true},"in2DMode":false,"pivot":{"x":248.182373046875,"y":98.47784423828125,"z":478.70587158203127},"rotation":{"x":0.009861577302217484,"y":0.0853915810585022,"z":-0.0008464870043098927,"w":0.9962983727455139},"size":230.15147399902345,"orthographic":false}