{"cameraMode":{"drawMode":0,"name":"Shaded","section":"Shading Mode"},"sceneLighting":false,"audioPlay":false,"sceneViewState":{"showFog":true,"showMaterialUpdate":false,"showSkybox":true,"showFlares":true,"showImageEffects":true,"showParticleSystems":true},"in2DMode":false,"pivot":{"x":21.64777374267578,"y":0.6846394538879395,"z":-26.487079620361329},"rotation":{"x":0.05329424887895584,"y":0.9382022619247437,"z":-0.1678181141614914,"w":0.2979484796524048},"size":1.7447482347488404,"orthographic":true}