{"cameraMode":{"drawMode":0,"name":"Shaded","section":"Shading Mode"},"sceneLighting":false,"audioPlay":false,"sceneViewState":{"showFog":true,"showMaterialUpdate":false,"showSkybox":true,"showFlares":true,"showImageEffects":true,"showParticleSystems":true},"in2DMode":false,"pivot":{"x":24.852663040161134,"y":9.275751113891602,"z":-15.548738479614258},"rotation":{"x":0.20111685991287232,"y":-0.004408035892993212,"z":0.0009050320950336754,"w":0.9795569181442261},"size":3.484670400619507,"orthographic":false}