{"cameraMode":{"drawMode":0,"name":"Shaded","section":"Shading Mode"},"sceneLighting":false,"audioPlay":false,"sceneViewState":{"showFog":true,"showMaterialUpdate":false,"showSkybox":true,"showFlares":true,"showImageEffects":true,"showParticleSystems":true},"in2DMode":false,"pivot":{"x":-18.83406639099121,"y":-0.17085933685302735,"z":-66.60335540771485},"rotation":{"x":0.06479104608297348,"y":-0.9310823082923889,"z":0.20368070900440217,"w":0.2956382632255554},"size":14.166793823242188,"orthographic":false}