{"cameraMode":{"drawMode":0,"name":"Shaded","section":"Shading Mode"},"sceneLighting":true,"audioPlay":false,"sceneViewState":{"showFog":false,"showMaterialUpdate":false,"showSkybox":true,"showFlares":true,"showImageEffects":true,"showParticleSystems":true},"in2DMode":false,"pivot":{"x":-90.06380462646485,"y":29.772132873535158,"z":156.09368896484376},"rotation":{"x":0.13022303581237794,"y":-0.38772615790367129,"z":0.05515976622700691,"w":0.9108610153198242},"size":67.27262878417969,"orthographic":false}