{"cameraMode":{"drawMode":0,"name":"Shaded","section":"Shading Mode"},"sceneLighting":false,"audioPlay":false,"sceneViewState":{"showFog":true,"showMaterialUpdate":false,"showSkybox":true,"showFlares":true,"showImageEffects":true,"showParticleSystems":true},"in2DMode":false,"pivot":{"x":-10.650068283081055,"y":2.363496780395508,"z":-55.98270797729492},"rotation":{"x":0.08703403174877167,"y":-0.0615524984896183,"z":0.005370139144361019,"w":0.9942874908447266},"size":5.400059700012207,"orthographic":false}