{"cameraMode":{"drawMode":0,"name":"Shaded","section":"Shading Mode"},"sceneLighting":false,"audioPlay":false,"sceneViewState":{"showFog":true,"showMaterialUpdate":false,"showSkybox":true,"showFlares":true,"showImageEffects":true,"showParticleSystems":true},"in2DMode":false,"pivot":{"x":16.7802734375,"y":1.509063720703125,"z":-28.726974487304689},"rotation":{"x":0.04146736115217209,"y":0.8231080174446106,"z":-0.06060513108968735,"w":0.5631169080734253},"size":2.8443963527679445,"orthographic":true}