{"cameraMode":{"drawMode":0,"name":"Shaded","section":"Shading Mode"},"sceneLighting":false,"audioPlay":false,"sceneViewState":{"showFog":true,"showMaterialUpdate":false,"showSkybox":true,"showFlares":true,"showImageEffects":true,"showParticleSystems":true},"in2DMode":false,"pivot":{"x":-8.563941955566407,"y":13.585251808166504,"z":93.875},"rotation":{"x":0.014677003026008606,"y":0.904425859451294,"z":-0.4252340495586395,"w":0.031214727088809015},"size":31.23401641845703,"orthographic":false}