{"cameraMode":{"drawMode":0,"name":"Shaded","section":"Shading Mode"},"sceneLighting":false,"audioPlay":false,"sceneViewState":{"showFog":true,"showMaterialUpdate":false,"showSkybox":true,"showFlares":true,"showImageEffects":true,"showParticleSystems":true},"in2DMode":false,"pivot":{"x":-0.0067577362060546879,"y":0.07534404844045639,"z":0.05787086486816406},"rotation":{"x":0.21678844094276429,"y":-0.17781676352024079,"z":0.0401897132396698,"w":0.9590457677841187},"size":1.4086238145828248,"orthographic":false}