{"cameraMode":{"drawMode":0,"name":"Shaded","section":"Shading Mode"},"sceneLighting":false,"audioPlay":false,"sceneViewState":{"showFog":true,"showMaterialUpdate":false,"showSkybox":true,"showFlares":true,"showImageEffects":true,"showParticleSystems":true},"in2DMode":false,"pivot":{"x":-66.2149429321289,"y":13.268986701965332,"z":74.24081420898438},"rotation":{"x":0.00448506698012352,"y":-0.08091146498918534,"z":0.0003645421238616109,"w":0.9967111349105835},"size":21.41229248046875,"orthographic":false}