{"cameraMode":{"drawMode":0,"name":"Shaded","section":"Shading Mode"},"sceneLighting":false,"audioPlay":false,"sceneViewState":{"showFog":true,"showMaterialUpdate":false,"showSkybox":true,"showFlares":true,"showImageEffects":true,"showParticleSystems":true},"in2DMode":false,"pivot":{"x":16.8173828125,"y":1.2127227783203126,"z":-28.874725341796876},"rotation":{"x":0.01917473040521145,"y":-0.7036610841751099,"z":0.019003868103027345,"w":0.7100227475166321},"size":1.873646855354309,"orthographic":true}