{"cameraMode":{"drawMode":0,"name":"Shaded","section":"Shading Mode"},"sceneLighting":true,"audioPlay":false,"sceneViewState":{"showFog":false,"showMaterialUpdate":false,"showSkybox":true,"showFlares":true,"showImageEffects":true,"showParticleSystems":true},"in2DMode":false,"pivot":{"x":249.71029663085938,"y":86.00247192382813,"z":484.4552917480469},"rotation":{"x":0.2957996428012848,"y":-0.11196170002222061,"z":0.034557342529296878,"w":0.9480363726615906},"size":68.19513702392578,"orthographic":false}