{"cameraMode":{"drawMode":0,"name":"Shaded","section":"Shading Mode"},"sceneLighting":false,"audioPlay":false,"sceneViewState":{"showFog":true,"showMaterialUpdate":false,"showSkybox":true,"showFlares":true,"showImageEffects":true,"showParticleSystems":true},"in2DMode":false,"pivot":{"x":-54.12890625,"y":12.39208984375,"z":92.748046875},"rotation":{"x":0.016584645956754686,"y":0.9823318123817444,"z":-0.15298917889595033,"w":0.10650604218244553},"size":10.0657958984375,"orthographic":true}