{"cameraMode":{"drawMode":0,"name":"Shaded","section":"Shading Mode"},"sceneLighting":false,"audioPlay":false,"sceneViewState":{"showFog":true,"showMaterialUpdate":false,"showSkybox":true,"showFlares":true,"showImageEffects":true,"showParticleSystems":true},"in2DMode":false,"pivot":{"x":0.0,"y":0.3393535017967224,"z":1.043081283569336e-7},"rotation":{"x":0.21678844094276429,"y":-0.17781676352024079,"z":0.0401897132396698,"w":0.9590457677841187},"size":1.2627062797546387,"orthographic":false}