{"cameraMode":{"drawMode":0,"name":"Shaded","section":"Shading Mode"},"sceneLighting":false,"audioPlay":false,"sceneViewState":{"showFog":true,"showMaterialUpdate":false,"showSkybox":true,"showFlares":true,"showImageEffects":true,"showParticleSystems":true},"in2DMode":false,"pivot":{"x":-0.020665034651756288,"y":-0.20817998051643372,"z":0.003495626151561737},"rotation":{"x":0.21678844094276429,"y":-0.17781676352024079,"z":0.0401897132396698,"w":0.9590457677841187},"size":1.1500356197357178,"orthographic":false}