{"cameraMode":{"drawMode":0,"name":"Shaded","section":"Shading Mode"},"sceneLighting":false,"audioPlay":false,"sceneViewState":{"showFog":true,"showMaterialUpdate":false,"showSkybox":true,"showFlares":true,"showImageEffects":true,"showParticleSystems":true},"in2DMode":false,"pivot":{"x":-0.006325364112854004,"y":0.009752461686730385,"z":0.0766289234161377},"rotation":{"x":0.21678844094276429,"y":-0.17781676352024079,"z":0.0401897132396698,"w":0.9590457677841187},"size":1.8103846311569214,"orthographic":false}