{"cameraMode":{"drawMode":0,"name":"Shaded","section":"Shading Mode"},"sceneLighting":false,"audioPlay":false,"sceneViewState":{"showFog":true,"showMaterialUpdate":false,"showSkybox":true,"showFlares":true,"showImageEffects":true,"showParticleSystems":true},"in2DMode":false,"pivot":{"x":16.8173828125,"y":1.2127227783203126,"z":-28.874725341796876},"rotation":{"x":-0.005969040561467409,"y":0.9921402931213379,"z":0.052135344594717029,"w":0.11359609663486481},"size":1.6121888160705567,"orthographic":true}