{"cameraMode":{"drawMode":0,"name":"Shaded","section":"Shading Mode"},"sceneLighting":true,"audioPlay":false,"sceneViewState":{"showFog":false,"showMaterialUpdate":false,"showSkybox":true,"showFlares":true,"showImageEffects":true,"showParticleSystems":true},"in2DMode":false,"pivot":{"x":230.78712463378907,"y":74.19328308105469,"z":451.2646179199219},"rotation":{"x":0.009242742322385311,"y":0.23577500879764558,"z":0.0026230630464851858,"w":-0.9717601537704468},"size":102.2543716430664,"orthographic":false}