{"cameraMode":{"drawMode":0,"name":"Shaded","section":"Shading Mode"},"sceneLighting":false,"audioPlay":false,"sceneViewState":{"showFog":true,"showMaterialUpdate":false,"showSkybox":true,"showFlares":true,"showImageEffects":true,"showParticleSystems":true},"in2DMode":false,"pivot":{"x":21.64777374267578,"y":0.6846394538879395,"z":-26.487079620361329},"rotation":{"x":0.029226096346974374,"y":0.9586305618286133,"z":-0.10684717446565628,"w":0.2622155547142029},"size":1.7447482347488404,"orthographic":true}