{"cameraMode":{"drawMode":0,"name":"Shaded","section":"Shading Mode"},"sceneLighting":false,"audioPlay":false,"sceneViewState":{"showFog":true,"showMaterialUpdate":false,"showSkybox":true,"showFlares":true,"showImageEffects":true,"showParticleSystems":true},"in2DMode":false,"pivot":{"x":24.852663040161134,"y":9.275751113891602,"z":-15.548738479614258},"rotation":{"x":0.015016055665910244,"y":0.6378001570701599,"z":0.012438622303307057,"w":-0.769955039024353},"size":2.036487102508545,"orthographic":true}