{"cameraMode":{"drawMode":0,"name":"Shaded","section":"Shading Mode"},"sceneLighting":true,"audioPlay":false,"sceneViewState":{"showFog":true,"showMaterialUpdate":false,"showSkybox":true,"showFlares":true,"showImageEffects":true,"showParticleSystems":true},"in2DMode":false,"pivot":{"x":-52.95594787597656,"y":-32.069671630859378,"z":90.69937896728516},"rotation":{"x":0.20452289283275605,"y":-0.7258307933807373,"z":0.24323198199272157,"w":0.6100641489028931},"size":117.0304946899414,"orthographic":false}